Código do fundo;Setor;Preço Atual;Liquidez Diária;Dividendo;Dividend Yield;DY (3M) Acumulado;DY (6M) Acumulado;DY (12M) Acumulado;DY (3M) Média;DY (6M) Média;DY (12M) Média;DY Ano;Variação Preço;Rentab. Período;Rentab. Acumulada;Patrimônio Líq.;VPA;P/VPA;DY Patrimonial;Variação Patrimonial;Rentab. Patr. no Período;Rentab. Patr. Acumulada;Vacância Física;Vacância Financeira;Quantidade Ativos
FIVN11;Shoppings;3.68;6641;0.00;0.00;0.00;0.00;0.00;0.00;0.00;0.00;;0.00;0.00;0.00;65491905.42;6.96;0.53;;;;;56.00;;1
BZLI11;Títulos e Val Mob;17.00;1;0.00;0.00;0.00;0.00;0.00;0.00;0.00;0.00;0.00;0.68;0.68;1.14;440205505.76;10.78;1.58;;;;;;;0
XTED11;Lajes Corporativas;7.26;689;0.00;0.00;0.00;0.00;0.00;0.00;0.00;0.00;0.00;1.10;1.10;-37.83;2785416.91;13.78;0.53;;;;;0.00;100.00;1
ALMI11;Lajes Corporativas;904.00;57;0.00;0.00;0.00;0.00;0.00;0.00;0.00;0.00;0.00;2.27;2.27;-28.29;250158727.48;2250.09;0.40;;;;;64.05;;1
PABY11;Híbrido;8.39;65;0.00;0.00;0.00;0.00;0.00;0.00;0.00;0.00;0.00;-19.84;-19.84;-31.62;-10950151.50;-14.44;-0.58;;;;;;;1
ORPD11;Títulos e Val Mob;93.00;3;1.38;;;;;;;;;;;;43238325.61;149.10;0.62;;;;;;;0
FISC11;Lajes Corporativas;165.00;200;0.22;0.00;0.00;0.00;0.00;0.00;0.00;0.00;;0.00;0.00;0.00;196478286.31;115.58;1.43;;;;;;;0
ATSA11;Shoppings;83.50;1;0.25;0.18;0.59;1.30;2.97;0.20;0.22;0.25;0.37;0.74;0.92;1.10;157775604.53;90.10;0.93;0.06;0.19;0.24;0.24;21.90;;1
CXTL11;Logística;379.00;1;0.48;0.16;0.67;1.29;0.00;0.22;0.22;0.00;0.42;-6.12;-5.97;-5.73;372853.28;690.86;0.55;0.04;-1.61;-1.57;-1.46;61.00;;3
HTMX11;Hotel;116.80;2798;0.00;0.00;0.80;2.20;5.41;0.27;0.37;0.45;0.80;-28.14;-28.14;-32.26;16419201.82;130.62;0.89;;;;;65.00;;23
GSFI11;Shoppings;4.57;2425;0.00;0.03;0.03;0.03;0.03;0.01;0.00;0.00;0.03;0.00;0.03;0.03;108886224.64;13.42;0.34;;;;;10.30;;10
NEWU11;Lajes Corporativas;35.00;27;0.00;0.00;0.00;0.56;16.63;0.00;0.09;1.39;0.61;-4.04;-4.04;-31.62;48123818.78;64.86;0.54;;;;;63.20;;3
PRSV11;Lajes Corporativas;113.49;22;1.62;0.42;1.53;2.91;5.95;0.51;0.48;0.50;4.46;5.30;5.74;-11.25;4762208.57;244.22;0.46;;;;;40.90;;2
FAMB11B;Lajes Corporativas;792.13;13;9.16;0.56;2.17;4.78;10.43;0.72;0.80;0.87;8.82;-47.80;-47.51;-47.80;3209373.43;354.32;0.26;;;;;100.00;;1
FMOF11;Lajes Corporativas;61.80;5;0.64;;;;;;;;;;;;62339721.97;122.71;0.50;;;;;52.08;;1
HGRS11;Residencial;;;0.00;0.00;0.00;0.00;0.00;0.00;0.00;0.00;;0.00;0.00;0.00;151283672.82;101.33;;;;;;;;0
KNRE11;Residencial;0.95;498;0.00;0.00;0.00;0.00;0.00;0.00;0.00;0.00;0.00;0.00;0.00;0.00;2141267.51;1.15;0.82;;;;;;;0
RBDS11;Residencial;3.71;139;0.00;0.00;0.00;0.00;0.00;0.00;0.00;0.00;0.00;0.00;0.00;0.00;2605642.65;20.59;0.18;;;;;;;0
WTSP11B;Híbrido;36.23;4;0.32;0.76;2.57;4.67;6.85;0.86;0.78;0.57;0.76;0.00;0.76;0.76;82488951.36;83.11;0.44;;;;;;;0
OULG11;Outros;45.60;808;0.17;0.38;1.14;3.40;8.03;0.38;0.57;0.67;1.50;3.09;3.48;-3.91;180805973.24;72.87;0.63;;;;;0.00;;2
VXXV11;Outros;917.00;8830;10.76;;;;;;;;;;;;23148350.85;876.17;1.05;;;;;;;0
BICE11;Títulos e Val Mob;950.00;240;5.40;0.00;0.00;0.00;0.00;0.00;0.00;0.00;;0.00;0.00;0.00;20682601.39;981.57;0.97;1.63;-0.68;0.93;1.54;;;0
HRDF11;Híbrido;1.06;361;6.80;;;;;;;;;;;;8722671.42;1.15;0.92;;;;;;;0
CJCT11;Lajes Corporativas;82.00;1431;0.00;;;;;;;;;;;;231360831.28;80.61;1.02;;;;;59.00;;1
LFTT11;Residencial;87.98;22;0.75;;;;;;;;;;;;394603196.49;53.29;1.65;;;;;;;0
HCRI11;Hospital;244.64;269;2.49;0.88;2.36;4.77;9.33;0.79;0.80;0.78;1.62;-18.08;-17.35;-16.74;59962597.07;299.81;0.82;;;;;0.00;;1
DRIT11B;Lajes Corporativas;89.00;2;0.33;0.28;0.80;0.00;0.00;0.27;0.00;0.00;1.28;5.78;6.07;-7.42;58337901.67;125.92;0.71;;;;;10.47;;6
CTXT11;Lajes Corporativas;12.60;8;0.09;0.39;0.78;1.36;5.53;0.26;0.23;0.46;1.36;-2.58;-2.20;-39.31;115874720.49;39.92;0.32;;;;;97.00;;1
GESE11B;Outros;1520.00;300;12.60;0.00;0.00;0.00;0.00;0.00;0.00;0.00;;0.00;0.00;0.00;86540717.02;1664.24;0.91;;;;;;;0
SRVD11;Títulos e Val Mob;7.22;37;0.10;1.01;0.00;0.00;0.00;0.00;0.00;0.00;1.01;0.00;1.01;1.01;71653252.73;0.74;9.70;;;;;;;0
RBIR11;Residencial;69.21;29;0.00;0.00;0.00;0.00;0.00;0.00;0.00;0.00;0.00;0.00;0.00;0.00;146773544.10;96.02;0.72;;;;;;;0
CARE11;Híbrido;3.93;9701;0.00;0.23;0.66;1.36;1.60;0.22;0.23;0.13;1.36;-2.63;-2.41;5.65;292218917.16;8.17;0.48;;;;;;;0
VJFD11;Híbrido;;;0.86;0.00;0.00;0.00;0.00;0.00;0.00;0.00;;0.00;0.00;0.00;646971334.45;132.68;;;;;;;;0
RBGS11;Shoppings;28.45;5157;0.18;0.62;1.59;2.73;5.12;0.53;0.46;0.43;5.12;-1.90;-1.29;-28.71;97865283.71;90.78;0.31;0.18;0.00;0.18;1.17;13.00;;1
BPML11;Shoppings;64.95;215;0.15;0.23;0.95;2.59;0.00;0.32;0.43;0.00;1.49;-7.36;-7.14;1.82;536943743.35;124.72;0.52;;;;;5.80;;7
TORD11;Outros;8.10;116302;0.17;1.94;3.98;6.33;12.27;1.33;1.06;1.02;6.33;-6.41;-4.59;-3.33;496263415.26;14.16;0.57;0.57;0.34;0.90;11.73;;;0
XPIN11;Outros;82.21;5059;0.61;0.85;2.50;4.74;8.91;0.83;0.79;0.74;5.47;0.34;1.19;-11.53;76843694.07;107.41;0.77;;;;;17.30;12.00;5
IBFF11;Títulos e Val Mob;66.40;1924;0.30;0.44;2.01;4.58;9.52;0.67;0.76;0.79;5.42;7.50;7.98;19.59;48361846.89;72.54;0.92;0.69;-1.95;-1.28;-0.61;;;0
OUJP11;Títulos e Val Mob;96.33;10087;1.25;1.31;4.26;8.50;15.38;1.42;1.42;1.28;11.10;0.86;2.18;16.37;328495960.72;101.00;0.95;1.24;0.26;1.50;10.76;;;0
YUFI11B;Residencial;;;0.63;0.00;0.00;0.00;0.00;0.00;0.00;0.00;;0.00;0.00;0.00;4170152.98;105.53;;0.60;-0.01;0.59;6.32;;;0
KNRI11;Híbrido;153.19;16975;0.91;0.59;1.90;3.74;7.27;0.63;0.62;0.61;4.96;13.18;13.85;22.12;3862303758.54;159.88;0.96;0.57;0.06;0.63;5.88;2.00;6.72;20
GCRI11;Títulos e Val Mob;94.56;759;1.25;1.31;4.25;8.67;15.50;1.42;1.45;1.29;9.89;-1.94;-0.66;6.78;98377736.44;98.35;0.96;1.50;-1.03;0.46;1.67;;;0
GCFF11;Títulos e Val Mob;72.38;388;0.76;1.06;3.23;6.29;11.81;1.08;1.05;0.98;7.22;2.74;3.83;-4.31;3096700.62;88.89;0.81;0.88;-2.44;-1.58;-0.77;;;0
MORE11;Títulos e Val Mob;75.21;6302;0.65;0.94;3.30;6.25;11.57;1.10;1.04;0.96;7.17;6.80;7.80;-2.33;204459833.97;88.16;0.85;;;;;;;0
MGCR11;Títulos e Val Mob;90.00;1892;1.35;1.57;4.35;7.99;14.12;1.45;1.33;1.18;9.12;0.30;1.88;6.84;129620889.28;91.13;0.99;;;;;;;0
NAVT11;Títulos e Val Mob;78.79;124;0.85;1.15;3.50;6.84;11.97;1.17;1.14;1.00;7.87;2.37;3.56;9.56;97716626.71;92.67;0.85;;;;;;;0
BLCP11;Outros;88.98;12;0.52;0.61;1.76;3.55;6.62;0.59;0.59;0.55;4.19;-0.05;0.56;10.73;256624475.41;111.76;0.80;;;;;6.20;;2
AFHI11;Títulos e Val Mob;97.99;8836;1.30;1.31;4.08;8.01;15.22;1.36;1.34;1.27;9.29;-0.32;0.98;6.69;287450160.21;95.20;1.03;;;;;;;0
OUFF11;Títulos e Val Mob;67.51;2991;0.75;1.15;3.47;6.65;12.32;1.16;1.11;1.03;7.69;2.54;3.72;7.68;14736238.71;81.04;0.83;;;;;;;0
OURE11;Títulos e Val Mob;83.40;1109;1.15;1.42;4.22;7.47;14.42;1.41;1.25;1.20;8.34;0.27;1.70;1.91;99888890.89;92.74;0.90;;;;;;;0
CORM11;Híbrido;81.00;412;0.77;0.90;2.76;5.35;11.38;0.92;0.89;0.95;6.20;-2.97;-2.10;-4.27;92123992.72;90.56;0.89;0.89;-2.33;-1.45;0.21;;;0
ARCT11;Híbrido;100.80;16501;1.02;1.00;3.79;8.74;16.82;1.26;1.46;1.40;10.11;-4.84;-3.89;3.29;370887371.89;100.02;1.01;;;;;;;4
RZAK11;Títulos e Val Mob;100.12;13451;1.50;1.52;5.03;9.47;16.17;1.68;1.58;1.35;10.83;0.23;1.75;15.59;323459849.34;95.05;1.05;;;;;;;0
AFOF11;Títulos e Val Mob;91.60;768;1.06;1.21;3.59;7.00;12.92;1.20;1.17;1.08;8.07;-1.47;-0.28;4.74;69465153.20;100.50;0.91;;;;;;;0
BLMC11;Outros;85.80;523;1.17;1.37;3.98;7.52;13.98;1.33;1.25;1.16;8.64;-1.71;-0.37;-5.14;39132486.17;97.95;0.88;;;;;;;0
RECX11;Outros;75.01;17;0.80;1.12;2.91;5.81;11.88;0.97;0.97;0.99;6.86;-8.11;-7.08;-19.38;17976650.17;82.34;0.91;;;;;;;0
SNFF11;Títulos e Val Mob;90.20;6012;0.65;0.71;2.94;5.25;9.65;0.98;0.88;0.80;5.99;3.41;4.14;10.93;235606490.70;94.24;0.96;;;;;;;0
SNCI11;Títulos e Val Mob;100.48;7393;1.25;1.23;3.82;7.78;0.00;1.27;1.30;0.00;9.12;-2.08;-0.88;6.80;25212860.08;100.85;1.00;1.29;1.92;3.24;5.89;;;0
MATV11;Títulos e Val Mob;95.99;1;1.10;1.13;3.80;7.58;0.00;1.27;1.26;0.00;8.71;-2.67;-1.57;7.94;33257502.10;95.77;1.00;1.36;-1.92;-0.59;0.53;;;0
BTLG11;Logística;103.79;46994;0.74;0.73;2.27;4.37;8.50;0.76;0.73;0.71;5.07;3.89;4.64;4.61;1504876179.16;98.82;1.05;0.73;-0.22;0.51;1.24;;2.00;16
MCHY11;Títulos e Val Mob;109.90;1;1.40;1.29;3.82;7.51;13.12;1.27;1.25;1.09;8.68;1.06;2.36;6.97;371756272.98;103.56;1.06;;;;;;;0
BTAL11;Outros;100.98;11909;0.83;0.87;2.59;5.11;10.20;0.86;0.85;0.85;5.95;3.12;4.01;8.01;63673252.98;106.32;0.95;;;;;;;7
MORC11;Títulos e Val Mob;94.14;4715;1.30;1.36;4.29;8.71;0.00;1.43;1.45;0.00;9.82;-2.39;-1.07;5.67;127469497.93;98.67;0.95;;;;;;;0
CCRF11;Títulos e Val Mob;97.50;18;1.10;1.11;3.77;7.30;0.00;1.26;1.22;0.00;8.65;-0.02;1.09;7.97;15297136.88;97.32;1.00;;;;;;;0
EQIR11;Títulos e Val Mob;93.21;49;1.10;1.15;3.52;6.80;0.00;1.17;1.13;0.00;7.87;-1.00;0.13;5.94;49835472.58;99.18;0.94;;;;;;;0
ERCR11;Híbrido;7600.00;1;783.96;0.00;0.00;0.00;0.00;0.00;0.00;0.00;;0.00;0.00;0.00;165915282.64;69829.66;1.09;1.12;-0.10;1.02;3.32;;;0
XPML11;Shoppings;103.83;37515;0.70;0.68;2.12;4.19;7.96;0.71;0.70;0.66;4.83;10.98;11.73;15.63;1907854902.08;102.12;1.02;;;;;3.90;;16
FCFL11;Outros;131.00;1929;0.87;0.74;2.21;4.37;8.67;0.74;0.73;0.72;5.09;4.99;5.76;9.03;36415453.44;104.78;1.25;;;;;0.00;;1
ALZR11;Logística;117.90;11157;0.78;0.67;2.04;4.06;7.68;0.68;0.68;0.64;4.69;3.33;4.02;5.71;741305529.88;111.24;1.06;;;;;0.00;;15
FLRP11;Shoppings;1516.30;38;10.00;0.63;2.33;4.70;8.08;0.78;0.78;0.67;5.37;5.48;6.14;38.89;112693577.60;1727.58;0.88;0.58;0.48;1.06;3.30;2.01;;1
CNES11;Lajes Corporativas;33.66;12;0.10;0.26;0.83;1.49;3.62;0.28;0.25;0.30;1.88;9.28;9.57;9.97;257399777.87;87.28;0.39;;;;;56.70;;1
BTRA11;Outros;87.50;11007;0.70;0.74;2.46;5.21;10.20;0.82;0.87;0.85;6.12;17.36;18.23;2.45;350107569.75;104.06;0.84;;;;;;;0
EDGA11;Lajes Corporativas;20.89;588;0.09;0.47;2.12;4.51;7.21;0.71;0.75;0.60;4.99;8.99;9.50;-4.41;252351519.37;66.20;0.32;0.26;-0.06;0.20;0.36;48.81;;1
LASC11;Shoppings;92.00;68;0.36;0.39;1.46;3.26;6.79;0.49;0.54;0.57;4.48;0.00;0.39;6.89;284506676.14;112.98;0.81;0.32;0.80;1.12;3.07;2.40;;3
EVBI11;Híbrido;100.00;513;0.75;0.76;2.28;4.64;9.20;0.76;0.77;0.77;5.45;1.11;1.88;12.36;139909108.47;100.09;1.00;;;;;0.00;;4
VVPR11;Híbrido;99.93;99;0.73;0.73;2.41;4.84;9.58;0.80;0.81;0.80;5.69;0.52;1.25;12.68;23844573.76;103.41;0.97;0.74;0.02;0.76;1.53;0.00;;6
KNHY11;Títulos e Val Mob;98.50;20107;0.76;0.78;3.19;7.53;14.89;1.06;1.26;1.24;9.80;-0.05;0.72;1.08;1795923627.38;97.13;1.01;0.78;0.59;1.38;9.20;;;0
BARI11;Títulos e Val Mob;97.50;5508;1.05;1.06;3.94;7.72;14.52;1.31;1.29;1.21;9.84;-1.26;-0.21;4.14;47193800.88;101.84;0.96;1.03;-0.29;0.74;7.44;;;0
KNCR11;Títulos e Val Mob;101.25;91026;1.30;1.26;3.41;6.40;10.65;1.14;1.07;0.89;8.05;0.50;1.77;11.70;4736822756.95;101.17;1.00;1.28;-0.23;1.05;8.62;;;0
KNSC11;Títulos e Val Mob;86.40;33282;0.70;0.82;2.98;6.77;14.51;0.99;1.13;1.21;9.08;-6.62;-5.85;-6.25;1178257357.98;88.75;0.97;0.79;0.54;1.33;7.98;;;0
KNCA11;Títulos e Val Mob;107.04;16867;1.46;1.36;3.66;7.22;0.00;1.22;1.20;0.00;8.21;0.47;1.84;5.29;827120197.40;102.11;1.05;1.43;1.18;2.62;9.64;;;0
HUSI11;Hospital;171.00;1;7.95;0.74;0.00;0.00;0.00;0.00;0.00;0.00;0.74;0.00;0.74;0.74;115398177.82;991.72;1.08;0.80;0.88;1.69;1.69;;;0
JSRE11;Híbrido;86.99;24836;0.49;0.56;1.86;3.79;7.92;0.62;0.63;0.66;5.14;15.50;16.15;15.53;2359678921.37;113.62;0.77;0.43;0.11;0.55;3.19;14.80;13.40;5
XPCA11;Títulos e Val Mob;10.03;156102;0.14;1.27;4.01;8.17;0.00;1.34;1.36;0.00;10.34;7.30;8.67;26.42;16895144.07;9.50;1.06;1.47;0.04;1.52;10.99;;;0
XPCI11;Outros;91.98;16954;0.96;1.01;3.21;6.90;13.25;1.07;1.15;1.10;9.18;2.02;3.05;6.57;853537598.37;98.09;0.94;0.98;1.05;2.04;12.80;;;0
LUGG11;Residencial;79.19;364;0.52;0.66;2.01;4.22;7.82;0.67;0.70;0.65;5.47;-2.07;-1.42;-4.57;11589203.18;127.88;0.62;0.41;0.03;0.43;6.06;2.40;;4
LGCP11;Logística;84.77;5390;0.62;0.73;2.32;4.61;8.81;0.77;0.77;0.73;6.09;10.67;11.47;10.12;279131782.37;102.14;0.83;0.61;0.02;0.63;4.94;0.50;;5
HGRE11;Lajes Corporativas;141.72;10588;0.78;0.55;1.78;3.55;8.27;0.59;0.59;0.69;4.60;16.37;17.00;12.97;1912841196.87;161.86;0.88;0.48;-0.09;0.40;1.29;27.13;29.17;21
RNGO11;Lajes Corporativas;53.40;2231;0.43;0.78;2.62;4.92;8.90;0.87;0.82;0.74;6.34;19.70;20.63;15.48;234637920.50;87.68;0.61;0.49;-0.01;0.48;3.84;24.10;;3
FVPQ11;Shoppings;118.10;537;0.52;0.44;1.72;3.65;7.22;0.57;0.61;0.60;5.26;4.01;4.47;22.72;555549403.82;198.40;0.60;0.26;-0.27;-0.01;3.20;5.50;;1
RBRS11;Híbrido;63.84;25;0.40;0.64;2.39;4.59;8.34;0.80;0.76;0.69;5.86;9.51;10.21;-2.19;155517301.68;89.67;0.71;0.45;-1.23;-0.79;-0.93;;;0
HOSI11;Híbrido;65.00;723;0.44;0.64;1.81;3.32;7.03;0.60;0.55;0.59;4.32;3.67;4.33;-2.15;5396192.59;92.59;0.70;0.48;0.30;0.78;3.21;;;2
RBED11;Outros;133.53;1175;1.23;0.89;2.92;5.71;10.85;0.97;0.95;0.90;7.56;18.81;19.87;23.54;28519772.84;140.99;0.95;0.87;0.05;0.93;6.33;0.00;;5
HREC11;Títulos e Val Mob;94.84;3;0.80;0.82;3.39;6.73;12.22;1.13;1.12;1.02;8.59;-0.20;0.61;11.21;424464609.39;91.15;1.04;0.88;0.58;1.46;8.49;;;0
PQAG11;Logística;56.56;234;0.42;0.74;2.19;4.28;8.11;0.73;0.71;0.68;5.68;0.11;0.84;6.96;801775734.17;57.30;0.99;0.73;0.00;0.73;6.66;0.00;;1
ITIP11;Títulos e Val Mob;82.44;513;0.94;1.15;3.70;7.23;14.04;1.23;1.21;1.17;9.63;1.36;2.52;10.96;63335350.67;84.66;0.97;1.11;-1.26;-0.16;4.29;;;0
HFOF11;Títulos e Val Mob;79.44;20982;0.62;0.81;2.56;4.97;9.44;0.85;0.83;0.79;6.51;11.13;12.02;3.99;1999474919.62;86.93;0.91;0.71;5.78;6.53;8.70;;;0
FIGS11;Shoppings;55.95;4956;0.37;0.63;2.23;4.35;8.08;0.74;0.72;0.67;5.71;20.94;21.70;14.02;283838691.76;99.59;0.56;0.37;0.10;0.47;3.00;13.70;;2
WPLZ11;Shoppings;83.24;29;0.50;0.66;1.88;3.11;5.49;0.63;0.52;0.46;3.88;11.72;12.45;10.12;10535692.82;102.90;0.81;0.49;0.03;0.52;2.98;11.00;;1
HABT11;Títulos e Val Mob;94.60;19922;1.03;1.06;3.65;7.33;14.74;1.22;1.22;1.23;9.62;-1.98;-0.94;-4.17;820874555.41;101.01;0.94;1.02;1.37;2.41;13.97;;;0
ARRI11;Títulos e Val Mob;8.96;62057;0.11;1.17;3.82;7.93;16.47;1.27;1.32;1.37;10.53;-89.75;-89.63;-89.63;10935315.33;9.28;0.97;1.19;-89.95;-89.83;-89.11;;;0
CACR11;Híbrido;99.91;4273;1.54;1.52;4.40;7.40;15.44;1.47;1.23;1.29;10.17;3.54;5.12;4.19;186509870.57;103.19;0.97;1.49;0.19;1.68;33.38;;;0
SHPH11;Shoppings;825.00;176;4.25;0.53;1.55;2.79;5.66;0.52;0.47;0.47;3.90;11.11;11.70;3.18;54197847.39;888.58;0.93;0.50;-0.02;0.48;2.65;10.80;;1
JGPX11;Híbrido;98.10;2838;1.20;1.22;3.38;7.13;0.00;1.13;1.19;0.00;9.32;-0.26;0.95;11.23;81324970.36;95.89;1.02;1.25;0.31;1.57;9.51;;;0
SPVJ11;Outros;;;0.68;0.00;0.00;0.00;0.00;0.00;0.00;0.00;;0.00;0.00;0.00;67651853.59;107.18;;0.63;-0.09;0.54;4.63;;;0
MXRF11;Híbrido;10.30;556707;0.11;1.07;3.32;6.63;11.99;1.11;1.11;1.00;8.60;5.31;6.43;23.53;2302693543.19;10.19;1.01;0.98;-0.02;0.96;2.22;;;0
XPLG11;Logística;108.78;27135;0.72;0.67;2.16;4.22;8.17;0.72;0.70;0.68;5.59;11.63;12.37;16.20;386874864.39;113.90;0.96;0.63;0.18;0.81;8.77;8.80;1.20;13
URPR11;Outros;102.88;53807;1.62;1.56;4.32;9.25;18.15;1.44;1.54;1.51;12.01;-4.88;-3.40;-2.95;995953483.07;101.03;1.02;1.60;0.66;2.27;20.72;;;0
PLOG11;Logística;78.84;1042;0.75;0.95;3.13;6.28;12.15;1.04;1.05;1.01;8.40;19.27;20.40;15.10;75302819.52;100.40;0.79;0.75;0.08;0.83;6.37;20.40;;1
PORD11;Títulos e Val Mob;96.98;5413;1.15;1.19;4.49;8.85;15.55;1.50;1.48;1.30;11.27;-1.15;0.03;15.47;365338854.63;97.99;0.99;1.17;-0.19;0.98;6.46;;;0
NVHO11;Hospital;10.33;107;0.08;0.74;2.13;3.64;7.33;0.71;0.61;0.61;3.64;-0.94;-0.22;4.88;528270590.57;12.73;0.81;0.61;0.04;0.65;4.14;;;1
NEWL11;Híbrido;102.09;1227;0.90;0.87;3.66;6.09;11.35;1.22;1.01;0.95;7.66;9.42;10.37;8.60;263976376.49;129.84;0.79;0.69;0.12;0.82;19.39;0.00;;2
IDFI11;Híbrido;69.74;287;0.91;1.22;4.40;8.35;0.00;1.47;1.39;0.00;11.09;-9.22;-8.12;-18.10;180214602.95;87.57;0.80;1.48;-7.89;-6.53;-10.00;;;0
HSAF11;Títulos e Val Mob;84.00;5427;1.00;1.15;3.54;7.26;14.11;1.18;1.21;1.18;9.62;-6.95;-5.88;1.02;235607185.56;93.26;0.90;1.07;-1.05;0.01;7.36;;;0
SARE11;Híbrido;76.49;24604;0.65;0.81;2.77;5.29;10.55;0.92;0.88;0.88;7.06;14.23;15.15;19.12;904179109.81;97.91;0.78;0.66;-0.22;0.44;3.93;6.20;;3
NSLU11;Hospital;174.23;2018;0.85;0.50;1.56;3.98;8.92;0.52;0.66;0.74;1.56;12.26;12.81;14.01;251494605.37;194.46;0.90;;;;;0.00;;1
PVBI11;Lajes Corporativas;98.33;25527;0.56;0.57;1.79;3.58;7.38;0.60;0.60;0.62;4.21;7.91;8.52;16.38;996236330.26;99.23;0.99;0.56;0.10;0.66;1.65;0.10;;4
LVBI11;Logística;111.00;14265;0.75;0.66;2.16;4.35;8.59;0.72;0.72;0.72;5.06;15.23;15.99;20.78;1360439203.91;115.53;0.96;0.64;0.63;1.28;2.48;0.50;0.00;10
PQDP11;Shoppings;2350.00;97;17.87;0.80;2.59;4.38;8.60;0.86;0.73;0.72;5.24;13.17;14.07;16.26;815397327.57;3321.20;0.71;0.43;-1.05;-0.63;0.27;3.60;;1
FIIB11;Híbrido;485.00;374;3.55;0.74;2.29;4.54;8.91;0.76;0.76;0.74;5.23;7.35;8.14;9.93;312730340.17;456.54;1.06;;;;;6.28;;1
ABCP11;Shoppings;75.96;961;0.55;0.72;2.28;4.65;9.31;0.76;0.78;0.78;6.27;13.02;13.84;9.38;1119952411.71;91.77;0.83;0.60;0.02;0.62;5.14;7.50;;1
RBCO11;Lajes Corporativas;42.30;5623;0.25;0.56;2.35;4.85;9.30;0.78;0.81;0.77;6.19;14.23;14.87;-15.21;322807887.59;85.42;0.50;0.29;0.00;0.29;-12.41;46.00;50.00;4
JPPA11;Títulos e Val Mob;105.98;7619;1.65;1.56;5.22;10.44;18.05;1.74;1.74;1.50;13.19;4.29;5.91;23.88;60286691.26;99.82;1.06;1.65;-1.05;0.58;7.74;;;0
VRTA11;Títulos e Val Mob;95.52;28852;1.10;1.17;3.56;7.08;13.94;1.19;1.18;1.16;9.45;-1.75;-0.60;-1.65;1235222851.71;93.91;1.02;1.17;-0.12;1.05;7.85;;;0
KNIP11;Títulos e Val Mob;92.32;100812;0.58;0.62;3.18;7.81;15.58;1.06;1.30;1.30;10.17;-3.40;-2.80;-0.43;7710169930.51;95.68;0.96;0.61;0.93;1.54;8.86;;;0
RBHY11;Títulos e Val Mob;96.00;2037;1.38;1.41;4.44;8.47;16.92;1.48;1.41;1.41;10.82;-0.42;0.99;6.12;183113957.49;96.71;0.99;1.43;-0.36;1.06;10.74;;;0
RBHG11;Títulos e Val Mob;88.15;7312;1.23;1.39;4.56;8.50;16.17;1.52;1.42;1.35;10.83;1.83;3.25;10.74;163844351.80;94.84;0.93;1.30;-0.64;0.65;8.64;;;0
RMAI11;Lajes Corporativas;43.00;1800;0.26;0.61;2.12;4.39;6.13;0.71;0.73;0.51;6.13;19.72;20.45;12.94;264537590.09;108.25;0.40;0.24;0.00;0.24;1.61;23.44;;1
XPHT11;Hotel;112.50;31;0.65;0.59;1.51;2.30;4.57;0.50;0.38;0.38;1.90;0.00;0.59;14.32;357911232.04;94.07;1.20;0.57;0.01;0.58;1.57;64.90;;5
PLCR11;Híbrido;86.50;4485;1.19;1.36;4.17;7.93;14.75;1.39;1.32;1.23;10.29;5.54;6.98;9.45;194176239.76;92.06;0.94;1.29;-0.88;0.41;6.72;;;0
KFOF11;Títulos e Val Mob;88.16;9406;0.70;0.81;2.67;5.26;9.87;0.89;0.88;0.82;6.96;15.43;16.36;21.84;451995985.21;99.71;0.88;0.70;8.13;8.89;12.40;;;0
KINP11;Residencial;17.00;3493;0.21;1.45;6.39;13.32;0.00;2.13;2.22;0.00;13.32;11.54;13.15;16.33;4044213.40;5.60;3.03;3.75;-6.55;-3.05;6.70;;;0
APTO11;Híbrido;9.15;12756;0.11;1.17;3.70;7.11;0.00;1.23;1.19;0.00;8.99;-4.29;-3.17;1.44;40386596.55;10.06;0.91;1.09;-0.22;0.87;10.99;;;0
MALL11;Shoppings;108.94;13550;0.77;0.71;2.16;4.30;8.45;0.72;0.72;0.70;5.77;8.79;9.55;19.75;813345477.18;107.58;1.01;0.70;-0.06;0.63;1.77;4.00;;8
BRCO11;Logística;109.95;27636;0.70;0.64;2.08;4.00;7.76;0.69;0.67;0.65;5.28;10.10;10.81;18.17;1758903908.43;119.02;0.92;0.59;0.01;0.60;4.21;0.00;0.00;10
VCJR11;Títulos e Val Mob;89.33;23592;0.70;0.77;3.13;7.57;15.55;1.04;1.26;1.30;9.95;-2.32;-1.57;2.51;1383493425.11;93.96;0.95;0.74;0.47;1.22;10.28;;;0
QAMI11;Híbrido;87.50;316;1.00;1.14;3.74;7.76;16.31;1.25;1.29;1.36;10.28;-0.01;1.13;-1.67;73835103.76;92.13;0.95;1.09;-0.88;0.19;9.23;;;0
JSAF11;Títulos e Val Mob;88.90;7409;0.93;1.05;3.35;6.66;0.00;1.12;1.11;0.00;8.84;10.75;11.91;17.00;15630534.88;99.19;0.90;0.94;3.22;4.18;9.69;;;0
XPSF11;Outros;7.77;63231;0.08;0.95;2.92;5.77;11.07;0.97;0.96;0.92;7.50;10.01;11.06;-89.28;387836157.83;8.96;0.87;0.84;5.23;6.11;-89.17;;;0
BTWR11;Lajes Corporativas;105.49;280;0.38;0.36;0.80;2.02;2.30;0.27;0.34;0.19;2.30;0.00;0.36;0.88;90257312.30;111.53;0.95;0.34;0.11;0.45;5.63;12.00;;1
VOTS11;Títulos e Val Mob;88.50;100;1.01;1.14;3.78;8.12;13.64;1.26;1.35;1.14;10.44;-1.20;-0.08;17.34;7822167.57;94.48;0.94;1.07;-0.06;1.01;6.35;;;0
VTLT11;Logística;94.69;2115;0.83;0.87;2.72;5.37;10.33;0.91;0.90;0.86;7.19;7.71;8.64;12.08;217497878.73;102.84;0.92;0.81;0.04;0.85;6.17;0.00;0.00;1
VGHF11;Títulos e Val Mob;9.88;293007;0.12;1.21;3.72;7.78;16.99;1.24;1.30;1.42;10.89;-0.10;1.11;7.42;676524381.72;9.28;1.06;1.29;0.27;1.56;9.88;;;0
RNDP11;Títulos e Val Mob;279.00;10;2.39;0.80;2.92;6.22;9.75;0.97;1.04;0.81;7.43;-8.97;-8.24;-46.15;34834301.27;324.10;0.86;0.74;-16.02;-15.40;-48.87;;;0
RBRD11;Híbrido;40.55;1356;0.30;0.71;2.69;4.61;9.25;0.90;0.77;0.77;7.72;9.69;10.48;5.40;12797971.39;69.11;0.59;0.43;-0.52;-0.09;0.52;15.52;;4
VIUR11;Títulos e Val Mob;8.20;26194;0.07;0.86;2.89;5.83;11.14;0.96;0.97;0.93;7.70;20.00;21.03;-88.07;255344132.45;9.48;0.87;0.76;0.15;0.91;-89.59;0.00;;6
VILG11;Logística;109.49;15005;0.72;0.67;2.18;4.29;8.28;0.73;0.71;0.69;5.66;15.31;16.08;11.23;170855899.87;113.89;0.96;0.63;0.46;1.09;5.04;0.00;;16
VCRR11;Residencial;81.29;1998;0.67;0.83;2.72;5.45;10.67;0.91;0.91;0.89;7.21;15.80;16.75;12.30;239916924.37;119.96;0.68;0.56;0.12;0.68;4.84;;;0
BCIA11;Títulos e Val Mob;94.50;4676;0.74;0.81;2.60;5.14;9.74;0.87;0.86;0.81;6.69;10.50;11.39;12.76;40372083.63;108.55;0.87;0.68;5.90;6.62;9.91;;;0
BBGO11;Títulos e Val Mob;86.80;1516;0.75;0.86;2.72;4.64;0.00;0.91;0.77;0.00;5.09;2.10;2.98;5.41;394157372.88;98.41;0.88;0.76;0.28;1.04;6.66;;;0
BNFS11;Outros;121.89;227;1.48;1.23;3.69;7.10;13.12;1.23;1.18;1.09;9.13;2.90;4.17;3.88;69456969.88;99.22;1.23;1.50;0.00;1.50;8.67;0.00;;18
FIIP11B;Logística;161.11;574;1.35;0.80;2.53;4.94;9.53;0.84;0.82;0.79;6.50;13.02;13.92;10.29;172744337.51;186.32;0.86;0.72;0.09;0.82;-1.96;0.00;;7
EDFO11B;Lajes Corporativas;200.00;67;1.68;0.81;2.52;4.69;8.64;0.84;0.78;0.72;6.03;8.79;9.68;2.09;45762672.04;193.91;1.03;0.87;0.13;1.00;6.09;7.10;;1
CXCE11B;Outros;40.10;257;0.36;0.89;2.76;5.36;10.86;0.92;0.89;0.90;7.09;7.28;8.23;-5.61;111425979.36;65.05;0.62;0.55;0.08;0.63;-2.28;0.00;;1
MFAI11;Híbrido;66.20;138;0.67;1.02;2.51;5.73;12.05;0.84;0.95;1.00;8.14;6.87;7.96;-5.30;2414201.77;78.06;0.85;0.86;6.46;7.37;1.32;;;0
HBRH11;Híbrido;95.00;8870;0.66;0.74;2.30;4.84;10.74;0.77;0.81;0.90;6.59;5.95;6.73;5.02;313328669.87;113.03;0.84;0.58;0.04;0.62;5.49;;;3
QIRI11;Títulos e Val Mob;78.04;39;0.66;0.86;2.85;5.44;9.60;0.95;0.91;0.80;7.00;6.81;7.72;-8.39;13496955.35;89.98;0.87;0.73;6.29;7.07;8.72;;;0
BLMO11;Lajes Corporativas;23999.00;1;37.45;0.16;0.35;0.54;0.00;0.12;0.09;0.00;0.56;-4.00;-3.85;-7.17;111839709.47;29454.76;0.81;0.13;0.08;0.21;12.85;0.00;;1
STRX11;Híbrido;;;0.71;0.00;0.00;0.00;0.00;0.00;0.00;0.00;;0.00;0.00;0.00;227183788.69;140.80;;0.50;0.10;0.60;4.18;;;0
HGRU11;Híbrido;127.30;17710;0.82;0.64;2.34;4.47;8.40;0.78;0.75;0.70;5.81;7.10;7.79;18.03;218842201.09;118.89;1.07;0.69;0.55;1.24;6.03;0.00;0.00;17
HGCR11;Títulos e Val Mob;104.60;41864;1.20;1.15;3.45;6.57;12.30;1.15;1.10;1.03;8.55;0.91;2.08;7.43;1495774340.90;101.98;1.03;1.18;0.26;1.44;9.59;;;0
BICR11;Títulos e Val Mob;97.51;4;0.82;0.82;1.97;4.72;8.42;0.66;0.79;0.70;6.01;-1.53;-0.73;13.05;5036197.03;100.72;0.97;0.81;0.27;1.09;7.24;;;0
BBFI11B;Lajes Corporativas;1967.98;88;26.31;1.31;4.33;8.40;15.80;1.44;1.40;1.32;10.52;12.51;13.98;-2.35;375131778.13;2885.63;0.68;0.91;1.18;2.10;4.25;39.11;;2
HGPO11;Lajes Corporativas;260.20;1073;1.60;0.61;1.72;3.29;6.62;0.57;0.55;0.55;4.32;4.03;4.66;5.99;469905295.95;268.05;0.97;0.60;-0.05;0.55;4.24;4.99;2.72;2
ITIT11;Títulos e Val Mob;78.89;1182;0.54;0.73;2.35;4.65;8.94;0.78;0.77;0.74;6.17;3.51;4.27;8.06;77364892.19;85.91;0.92;0.63;11.20;11.90;12.89;;;0
HGLG11;Logística;172.00;25982;1.10;0.64;3.30;5.31;9.65;1.10;0.88;0.80;6.61;2.44;3.09;8.28;346019483.95;147.51;1.17;0.75;0.86;1.61;7.05;6.90;6.50;17
HAAA11;Lajes Corporativas;94.79;24;0.54;0.61;1.89;3.60;7.00;0.63;0.60;0.58;4.72;-1.53;-0.93;-3.06;312405497.72;90.42;1.05;0.60;0.49;1.09;0.02;17.00;;1
RBVA11;Outros;98.26;8655;1.02;1.03;3.36;6.21;11.72;1.12;1.04;0.98;8.12;10.10;11.23;8.73;119441944.14;103.07;0.95;0.99;-0.02;0.97;7.72;0.70;;72
HGFF11;Títulos e Val Mob;82.80;10215;0.65;0.81;2.58;5.11;9.70;0.86;0.85;0.81;6.69;12.26;13.16;13.21;265289507.45;92.64;0.89;0.70;6.26;7.01;9.18;;;0
HCHG11;Outros;83.49;93;1.00;1.19;3.33;6.41;11.45;1.11;1.07;0.95;8.22;2.88;4.11;2.84;124368579.20;103.64;0.81;0.96;-0.61;0.35;13.79;;;0
HPDP11;Shoppings;80.97;1;0.45;0.51;1.61;3.25;6.38;0.54;0.54;0.53;4.32;7.25;7.80;9.88;27692639.54;94.92;0.85;0.47;0.00;0.48;4.01;2.00;;1
HLOG11;Logística;96.99;371;0.65;0.67;2.16;4.34;8.28;0.72;0.72;0.69;5.74;10.92;11.66;10.08;471343638.57;110.90;0.87;0.59;-0.05;0.54;3.16;58.00;0.00;3
HGBS11;Shoppings;209.99;7134;1.30;0.60;2.13;4.14;7.72;0.71;0.69;0.64;5.52;18.35;19.06;36.02;2195124932.97;219.51;0.96;0.59;1.48;2.08;6.80;6.50;;17
CYCR11;Títulos e Val Mob;89.67;2213;1.00;1.08;3.27;7.09;0.00;1.09;1.18;0.00;9.38;-1.13;-0.06;1.25;156128638.42;95.73;0.94;1.04;0.00;1.04;6.57;;;0
HUSC11;Outros;110.86;12;0.96;0.91;2.84;5.35;8.48;0.95;0.89;0.71;6.18;2.97;3.90;0.49;113468692.97;142.80;0.78;0.67;0.01;0.68;3.36;;;0
CBOP11;Lajes Corporativas;61.36;310;0.49;0.81;3.30;5.67;13.62;1.10;0.95;1.13;7.15;-0.53;0.28;-10.99;107636944.40;76.07;0.81;0.64;-0.53;0.11;-11.28;33.59;30.79;1
TEPP11;Lajes Corporativas;83.43;4571;0.49;0.59;2.00;4.16;8.19;0.67;0.69;0.68;5.45;14.59;15.27;18.65;380197399.54;90.05;0.93;0.54;0.02;0.56;2.74;9.06;18.03;5
BTSG11;Híbrido;;;0.87;0.00;0.00;0.00;0.00;0.00;0.00;0.00;;0.00;0.00;0.00;10471243.95;134.28;;0.65;0.71;1.36;4.71;;;0
RZAG11;Títulos e Val Mob;10.10;164500;0.14;1.36;3.97;7.51;0.00;1.32;1.25;0.00;9.73;1.47;2.85;15.64;289264320.71;9.53;1.06;1.47;0.05;1.52;10.67;;;0
RZTR11;Híbrido;104.79;37315;1.25;1.20;3.67;7.30;14.18;1.22;1.22;1.18;9.73;3.12;4.36;10.57;180357527.58;97.79;1.07;1.28;-0.68;0.59;6.75;;;10
TGAR11;Outros;128.73;30888;1.59;1.26;3.93;7.54;13.48;1.31;1.26;1.12;9.57;4.61;5.93;12.84;1377514199.65;121.80;1.06;1.31;-0.85;0.44;1.15;;;0
KISU11;Títulos e Val Mob;8.40;93867;0.07;0.84;3.04;5.75;10.57;1.01;0.96;0.88;7.40;5.07;5.96;9.62;415418376.95;9.40;0.89;0.74;6.55;7.34;6.51;;;0
BPFF11;Títulos e Val Mob;69.93;7178;0.70;0.99;3.38;6.47;11.78;1.13;1.08;0.98;8.27;7.38;8.44;11.76;355995596.04;79.25;0.88;0.88;4.38;5.30;7.35;;;0
XPPR11;Outros;46.04;11607;0.30;0.60;2.04;4.43;9.33;0.68;0.74;0.78;5.90;6.01;6.65;-17.12;555483607.84;75.93;0.61;0.40;-0.65;-0.26;-3.32;46.00;0.00;4
SPTW11;Lajes Corporativas;44.38;3547;0.40;0.92;2.82;5.53;12.16;0.94;0.92;1.01;7.32;4.39;5.35;2.84;95341828.10;53.03;0.84;0.75;0.07;0.83;5.97;0.00;;1
PATL11;Híbrido;82.33;8155;0.58;0.74;2.28;4.56;9.38;0.76;0.76;0.78;6.07;7.67;8.47;10.51;489389528.88;98.04;0.84;0.59;0.27;0.87;4.91;0.00;0.00;4
XPCM11;Lajes Corporativas;18.49;11871;0.12;0.83;2.77;5.95;10.88;0.92;0.99;0.91;7.65;6.91;7.79;-17.98;127310569.38;52.73;0.35;0.23;-0.47;-0.25;-1.55;100.00;;1
RBFF11;Títulos e Val Mob;56.05;4798;0.50;0.83;2.70;5.51;10.64;0.90;0.92;0.89;7.29;6.69;7.58;17.00;25315941.91;67.52;0.83;0.74;6.37;7.15;9.76;;;0
JFLL11;Residencial;72.32;271;0.62;0.79;2.65;5.13;10.15;0.88;0.85;0.85;6.74;17.35;18.28;6.08;150619312.71;100.37;0.72;0.62;0.04;0.65;5.34;28.00;;2
HSLG11;Logística;96.50;3294;0.69;0.72;2.30;4.47;8.54;0.77;0.75;0.71;5.87;13.53;14.35;13.34;1333601659.22;105.34;0.92;0.66;-0.10;0.55;-0.89;1.10;;5
SDIL11;Logística;97.24;9853;0.76;0.78;2.50;5.00;10.15;0.83;0.83;0.85;6.73;11.38;12.24;21.14;63255298.98;98.84;0.98;0.77;-0.26;0.50;7.78;2.60;;5
CXCO11;Lajes Corporativas;78.91;1383;0.72;0.90;2.85;5.58;10.40;0.95;0.93;0.87;7.24;7.30;8.27;4.77;378865717.01;96.54;0.82;0.74;0.05;0.79;6.37;;;0
HSRE11;Híbrido;101.00;6;0.63;0.63;1.82;3.50;7.22;0.61;0.58;0.60;4.62;0.00;0.63;4.69;818368632.20;96.07;1.05;0.66;0.02;0.68;3.65;0.00;;29
PLRI11;Títulos e Val Mob;27.16;31;0.09;0.32;1.58;3.32;10.98;0.53;0.55;0.92;9.01;-0.78;-0.46;-19.36;3374729.32;34.66;0.78;0.26;-0.63;-0.37;-11.14;;;0
HSML11;Shoppings;92.99;19830;0.67;0.73;2.40;4.66;8.86;0.80;0.78;0.74;6.16;17.50;18.36;27.54;1547656456.45;98.07;0.95;0.68;-0.83;-0.15;2.85;4.50;;6
BCRI11;Títulos e Val Mob;104.28;6493;1.29;1.23;3.83;7.56;14.18;1.28;1.26;1.18;9.77;-2.27;-1.07;4.22;65471761.65;104.62;1.00;1.23;-1.45;-0.24;7.01;;;0
SADI11;Títulos e Val Mob;90.60;1387;1.08;1.18;3.49;6.66;11.22;1.16;1.11;0.93;8.51;0.18;1.36;10.35;31887013.98;100.27;0.90;1.08;-0.86;0.20;7.66;;;0
VSHO11;Shoppings;79.69;311;0.59;0.74;2.30;4.67;9.12;0.77;0.78;0.76;6.12;1.41;2.16;7.91;206893825.43;98.58;0.81;0.60;-0.08;0.52;1.43;12.96;;3
RDPD11;Títulos e Val Mob;50.85;135;0.61;1.19;3.41;7.00;12.17;1.14;1.17;1.01;9.01;1.46;2.66;-0.99;58853145.42;54.59;0.93;1.12;-1.60;-0.50;0.20;;;0
RBVO11;Outros;11.00;1121;0.04;0.37;1.02;1.58;3.76;0.34;0.26;0.31;2.49;-2.80;-2.44;-10.24;8833620.95;17.13;0.64;0.23;-1.11;-0.88;-23.82;;;0
GTWR11;Lajes Corporativas;83.29;5185;0.74;0.89;2.98;5.88;11.03;0.99;0.98;0.92;7.67;17.01;18.06;5.89;1175680243.29;97.97;0.85;0.76;0.02;0.78;5.60;0.00;0.00;1
BBPO11;Lajes Corporativas;90.99;10860;0.92;1.03;3.29;6.39;12.07;1.10;1.07;1.01;8.32;12.97;14.13;3.84;1593822693.55;100.12;0.91;0.92;0.02;0.94;12.43;0.00;0.00;64
BBRC11;Outros;103.14;837;0.99;0.94;2.94;5.85;11.26;0.98;0.98;0.94;7.70;7.14;8.15;13.02;169912826.11;106.86;0.97;0.93;-0.03;0.90;6.56;5.37;1.08;20
VCRI11;;8.96;45539;0.12;1.32;4.50;0.00;0.00;1.50;0.00;0.00;4.50;-2.88;-1.60;0.38;17399968.69;9.74;0.92;1.23;-0.25;0.98;-0.25;;;0
VIFI11;Títulos e Val Mob;7.58;10804;0.06;0.80;2.54;5.15;10.20;0.85;0.86;0.85;6.81;8.70;9.57;2.88;7660116.27;9.40;0.81;0.64;8.13;8.82;-68.37;;;0
VINO11;Lajes Corporativas;48.82;32905;0.34;0.67;2.21;4.29;9.50;0.74;0.71;0.79;5.67;14.24;15.01;3.37;896316391.45;54.11;0.90;0.63;0.60;1.23;2.62;4.20;;9
VISC11;Shoppings;109.55;22948;0.72;0.64;2.04;4.10;8.06;0.68;0.68;0.67;5.46;11.47;12.18;18.15;229243347.36;114.67;0.96;0.63;-0.04;0.58;3.64;8.30;;15
PATC11;Lajes Corporativas;75.29;1021;0.34;0.47;2.32;3.73;6.52;0.77;0.62;0.54;4.63;7.94;8.45;15.28;297230603.25;85.47;0.88;0.40;-1.74;-1.35;1.65;21.90;18.90;6
TRXF11;Outros;112.14;22233;0.85;0.77;2.67;5.13;9.90;0.89;0.86;0.83;6.71;7.35;8.18;16.07;751538980.84;103.73;1.08;0.82;0.09;0.91;10.09;0.00;;44
BBFO11;Títulos e Val Mob;78.50;1103;0.76;0.97;3.49;6.65;12.21;1.16;1.11;1.02;8.75;10.41;11.49;17.21;349116913.80;87.19;0.90;0.87;4.63;5.54;8.43;;;0
FPAB11;Lajes Corporativas;213.00;30;1.60;0.73;2.33;4.55;8.34;0.78;0.76;0.69;5.87;7.38;8.17;5.00;30773312.09;410.31;0.52;0.39;0.05;0.44;3.25;33.79;;1
EURO11;Logística;230.00;138;1.75;0.69;2.35;4.72;9.59;0.78;0.79;0.80;6.45;24.95;25.81;35.23;119914740.35;312.33;0.74;0.56;-0.05;0.51;4.63;0.00;;6
BBIM11;Títulos e Val Mob;;;0.25;0.00;0.00;0.00;0.00;0.00;0.00;0.00;;0.00;0.00;0.00;32291201.79;31.20;;0.80;-27.90;-27.33;-31.49;;;0
VLOL11;Lajes Corporativas;106.40;99;0.59;0.56;1.70;3.50;6.67;0.57;0.58;0.56;4.61;7.64;8.24;18.16;184914145.46;103.60;1.03;0.57;-0.02;0.55;3.45;0.00;;1
NVIF11B;Outros;;;0.44;0.00;0.00;0.00;0.00;0.00;0.00;0.00;;0.00;0.00;0.00;90848881.43;269.26;;0.17;2.78;2.95;6.69;;;0
AIEC11;Lajes Corporativas;78.74;7100;0.73;0.91;2.94;6.30;11.25;0.98;1.05;0.94;7.96;8.87;9.87;10.45;48917847.14;101.38;0.78;0.72;0.04;0.76;5.83;0.00;;2
MFII11;Híbrido;96.95;2703;1.10;1.13;3.46;6.77;13.36;1.15;1.13;1.11;8.94;3.73;4.90;-3.39;416574943.40;100.45;0.97;1.10;-0.06;1.03;0.59;;;9
GALG11;Híbrido;9.61;126021;0.08;0.83;2.59;5.17;10.15;0.86;0.86;0.85;6.85;-89.30;-89.21;-89.47;581925634.33;10.12;0.95;0.81;-89.99;-89.91;-89.55;0.00;0.00;6
RFOF11;Títulos e Val Mob;77.58;1664;0.70;0.92;2.85;5.64;10.84;0.95;0.94;0.90;7.46;8.44;9.44;11.11;93377303.24;86.61;0.90;0.81;6.51;7.38;5.92;;;0
RRCI11;Títulos e Val Mob;85.82;887;1.20;1.41;4.27;8.68;15.90;1.42;1.45;1.33;11.36;0.31;1.72;11.22;46448655.40;96.42;0.89;1.24;0.00;1.25;9.68;;;0
RBLG11;Logística;98.20;3;0.88;0.93;2.77;5.50;10.70;0.92;0.92;0.89;6.42;8.73;9.75;15.56;66371773.28;103.67;0.95;;;;;0.00;;1
QAGR11;Outros;46.61;7334;0.41;0.86;2.60;5.04;9.63;0.87;0.84;0.80;5.80;4.30;5.20;0.42;281594287.60;55.87;0.83;;;;;;;12
HGIC11;Títulos e Val Mob;107.87;324;1.05;0.96;2.97;5.66;11.52;0.99;0.94;0.96;7.64;3.36;4.35;11.21;33767601.21;117.09;0.92;0.90;-1.19;-0.30;16.73;;;0
GGRC11;Logística;119.29;9039;0.90;0.75;2.43;4.92;9.35;0.81;0.82;0.78;6.48;14.38;15.24;10.10;105415985.23;129.59;0.92;0.69;0.11;0.81;3.55;0.00;0.00;20
CRFF11;Títulos e Val Mob;74.50;23;0.61;0.80;2.66;5.21;9.21;0.89;0.87;0.77;6.70;16.00;16.93;17.08;58346183.81;84.55;0.88;0.70;-0.29;0.41;3.28;;;0
CXRI11;Híbrido;69.37;137;0.55;0.79;2.67;5.14;9.39;0.89;0.86;0.78;6.66;10.91;11.78;8.29;129809519.46;82.38;0.84;0.67;-0.14;0.53;1.66;;;0
CXAG11;Outros;81.00;2087;0.75;0.94;3.04;5.96;0.00;1.01;0.99;0.00;6.95;2.69;3.66;11.95;23993824.94;114.77;0.71;0.65;-0.01;0.64;15.90;;;0
SCPF11;Shoppings;6.23;372;0.01;0.16;0.93;1.54;3.44;0.31;0.26;0.29;2.33;28.65;28.85;-10.40;52643237.78;12.53;0.50;0.09;0.17;0.26;1.55;29.30;;1
FLMA11;Híbrido;126.50;795;0.89;0.66;2.21;4.19;7.33;0.74;0.70;0.61;5.39;15.07;15.82;20.95;216972198.60;157.15;0.80;0.57;0.08;0.65;4.49;11.00;;2
BREV11;Híbrido;106.15;10000;0.61;0.57;1.82;3.57;6.99;0.61;0.60;0.58;4.74;13.53;14.18;16.54;106245435.86;109.85;0.97;0.56;-0.03;0.52;4.25;0.00;;12
FATN11;Híbrido;98.48;245;0.86;0.87;2.63;5.12;9.61;0.88;0.85;0.80;6.65;1.54;2.42;3.72;10854719.26;101.13;0.97;0.85;0.08;0.93;4.04;4.30;;7
BIME11;;9.21;28258;0.13;1.38;4.77;9.06;0.00;1.59;1.51;0.00;11.25;0.75;2.13;9.04;53496731.84;9.15;1.01;1.42;-0.62;0.79;5.71;;;0
BLMR11;Títulos e Val Mob;7.84;59808;0.08;0.97;3.10;6.15;11.75;1.03;1.03;0.98;8.09;7.92;8.96;5.40;216801524.28;8.49;0.92;0.88;6.98;7.92;7.80;;;0
MBRF11;Outros;650.00;374;10.00;1.47;4.83;9.39;16.78;1.61;1.57;1.40;13.33;14.77;16.46;-2.50;115690142.53;1137.97;0.57;0.88;1.64;2.54;9.26;0.00;;2
ONEF11;Lajes Corporativas;169.61;249;0.92;0.54;1.69;3.44;6.82;0.56;0.57;0.57;5.28;5.47;6.04;31.74;15930827.83;174.87;0.97;0.53;0.02;0.55;3.72;0.00;;1
RCRB11;Lajes Corporativas;142.00;3462;0.72;0.52;1.67;3.16;6.43;0.56;0.53;0.54;4.44;11.55;12.13;10.90;727398700.58;197.09;0.72;0.37;1.19;1.56;2.83;28.40;;10
JRDM11;Shoppings;86.30;211;0.62;0.72;2.11;3.83;8.08;0.70;0.64;0.67;4.38;8.09;8.86;21.24;220883480.71;87.55;0.99;0.56;0.15;0.72;2.22;2.77;;1
HCTR11;Outros;104.04;57501;1.10;1.01;3.43;7.80;15.40;1.14;1.30;1.28;10.23;-2.85;-1.87;-3.14;268023410.80;121.36;0.86;0.91;0.05;0.96;13.71;;;0
MGFF11;Títulos e Val Mob;66.15;13092;0.55;0.82;2.65;5.51;10.42;0.88;0.92;0.87;7.27;11.86;12.78;14.44;704621323.90;77.85;0.85;0.71;2.28;3.00;2.09;;;0
SEQR11;Outros;66.50;2297;0.67;1.00;3.08;5.95;11.01;1.03;0.99;0.92;7.72;2.15;3.17;-0.56;154465555.44;96.03;0.69;0.69;-0.13;0.56;5.42;0.00;;0
DEVA11;Títulos e Val Mob;96.15;25584;1.00;1.02;3.69;8.04;15.77;1.23;1.34;1.31;10.40;-0.61;0.40;5.05;138306606.99;99.46;0.97;1.01;0.59;1.60;14.23;;;0
GCRA11;Híbrido;100.55;2295;1.20;1.17;3.85;8.24;0.00;1.28;1.37;0.00;9.32;-0.61;0.55;7.76;173594241.47;99.15;1.01;1.21;0.34;1.55;11.32;;;0
FAED11;Outros;155.00;164;1.54;1.03;3.28;6.48;11.49;1.09;1.08;0.96;8.25;8.85;9.98;11.83;13882955.55;216.19;0.72;0.71;-0.01;0.71;2.75;0.00;;3
RBRP11;Outros;59.65;29687;0.45;0.74;2.35;4.55;8.38;0.78;0.76;0.70;5.84;10.91;11.73;-8.53;124403847.85;84.11;0.71;0.54;2.35;2.90;5.33;13.00;6.00;17
MAXR11;Outros;82.35;1077;0.70;0.81;2.46;5.01;9.38;0.82;0.83;0.78;5.37;12.82;13.73;12.31;135305467.68;120.20;0.69;;;;;2.80;;8
BRCR11;Híbrido;68.09;38043;0.47;0.67;2.27;4.41;8.63;0.76;0.73;0.72;5.14;21.12;21.93;8.74;2689411478.04;100.96;0.67;0.47;-0.54;-0.08;-2.46;21.00;25.80;15
NCHB11;Títulos e Val Mob;92.89;2081;1.35;1.42;4.33;7.40;14.64;1.44;1.23;1.22;10.20;1.21;2.65;6.78;145634941.26;90.92;1.02;1.48;-4.58;-3.16;0.06;;;0
BTCR11;Títulos e Val Mob;94.35;7832;0.95;1.00;3.42;7.32;13.29;1.14;1.22;1.11;9.66;-2.59;-1.62;13.33;456444958.28;94.89;0.99;1.00;-0.79;0.20;2.26;;;0
FEXC11;Títulos e Val Mob;86.98;7035;0.90;1.01;3.57;7.20;13.41;1.19;1.20;1.12;9.42;2.41;3.44;10.41;556840767.87;91.23;0.95;0.99;-1.88;-0.91;4.57;;;0
BCFF11;Títulos e Val Mob;72.89;46998;0.56;0.77;2.53;4.97;9.43;0.84;0.83;0.79;6.52;7.31;8.13;8.60;1974358766.03;78.39;0.93;0.71;1.68;2.40;2.83;;;0
CEOC11;Lajes Corporativas;60.71;787;0.50;0.82;2.49;4.88;9.67;0.83;0.81;0.81;6.57;1.91;2.75;13.70;163369617.86;89.98;0.67;0.56;-0.16;0.40;1.65;0.00;;1
VSLH11;Outros;9.03;97841;0.12;1.36;3.62;7.30;15.22;1.21;1.22;1.27;9.68;-6.18;-4.90;-0.63;315423895.12;10.56;0.85;1.14;1.09;2.24;16.58;;;0
BLMG11;Logística;84.00;4927;0.80;0.94;3.02;5.86;11.39;1.01;0.98;0.95;7.61;11.18;12.23;-2.59;351417258.89;92.22;0.91;0.87;0.83;1.70;-3.10;0.00;0.00;4
BMLC11;Lajes Corporativas;101.00;4;0.72;0.74;2.28;4.56;9.02;0.76;0.76;0.75;5.86;-1.98;-1.26;12.81;10967209.47;109.24;0.92;0.86;-0.01;0.85;1.94;7.00;;2
DVFF11;Híbrido;75.00;896;0.75;0.95;3.17;6.34;0.00;1.06;1.06;0.00;7.98;18.86;19.99;-2.93;104930895.87;95.31;0.79;0.79;4.92;5.75;10.55;;;0
CXCI11;;83.39;951;0.83;0.98;3.11;0.00;0.00;1.04;0.00;0.00;4.87;11.16;12.26;0.85;204640178.72;99.45;0.84;0.83;3.75;4.61;5.42;;;0
RBRL11;Logística;93.79;6264;0.65;0.68;2.25;4.46;9.26;0.75;0.74;0.77;5.81;8.99;9.73;9.77;716523182.74;107.15;0.88;0.61;-0.92;-0.32;5.44;0.00;0.00;6
MGLG11;Logística;42.00;1377;0.16;0.34;2.71;6.32;11.54;0.90;1.05;0.96;8.63;13.86;14.24;-5.63;73878512.61;39.13;1.07;0.41;0.01;0.42;-49.44;0.00;;3
FLCR11;Títulos e Val Mob;97.50;304;1.00;1.02;3.87;8.59;17.04;1.29;1.43;1.42;11.07;-0.59;0.42;10.23;63104997.93;99.60;0.98;1.00;-0.27;0.73;7.37;;;0
RECR11;Títulos e Val Mob;91.55;56280;0.80;0.85;3.05;7.59;14.59;1.02;1.26;1.22;9.80;-2.64;-1.81;0.79;2526482477.84;95.55;0.96;0.84;0.11;0.94;10.90;;;0
RECT11;Híbrido;63.00;8266;0.50;0.79;2.51;4.92;9.53;0.84;0.82;0.79;6.41;4.39;5.22;-3.75;81566407.27;95.40;0.66;0.53;1.12;1.65;1.85;15.10;;8
RELG11;Híbrido;85.40;1496;0.80;0.88;3.33;6.75;12.53;1.11;1.12;1.04;8.50;13.58;14.58;23.06;15915794.89;119.26;0.72;0.67;-0.31;0.35;3.59;10.40;10.40;3
GTLG11;;98.00;112;0.70;0.70;2.10;4.20;0.00;0.70;0.70;0.00;5.61;0.49;1.20;7.35;666682130.07;92.94;1.05;0.75;-0.03;0.73;0.63;;;0
ERPA11;;132.00;23125;0.70;0.54;0.75;0.00;0.00;0.25;0.00;0.00;1.22;0.00;0.54;1.33;58214292.91;116.21;1.14;0.57;0.02;0.58;1.95;;;0
BLCA11;Lajes Corporativas;90.00;1;0.56;0.61;1.70;3.23;0.00;0.57;0.54;0.00;3.75;0.00;0.61;-3.09;141208224.29;88.26;1.02;;;;;0.00;;1
CVBI11;Títulos e Val Mob;91.80;26642;0.74;0.81;3.13;7.18;13.89;1.04;1.20;1.16;9.38;-6.00;-5.24;-1.32;13517852.64;94.02;0.98;0.79;-5.82;-5.08;3.35;;;0
RVBI11;Títulos e Val Mob;80.37;4859;0.75;0.93;2.91;5.80;11.33;0.97;0.97;0.94;7.67;6.02;7.00;7.87;126116556.30;87.58;0.92;0.86;1.90;2.77;6.93;;;0
CPFF11;Híbrido;75.90;7018;0.62;0.84;2.57;5.14;10.15;0.86;0.86;0.85;7.02;6.58;7.47;10.62;439277544.57;80.60;0.94;0.77;4.81;5.62;6.81;;;0
IBCR11;Títulos e Val Mob;90.00;4846;1.25;1.36;4.09;8.23;0.00;1.36;1.37;0.00;11.32;1.44;2.82;5.85;90997699.52;94.95;0.95;1.32;-2.33;-1.05;5.72;;;0
RBRF11;Títulos e Val Mob;76.25;69411;0.60;0.79;2.67;5.13;10.06;0.89;0.85;0.84;6.80;7.46;8.31;12.30;11896356.32;86.91;0.88;0.69;3.45;4.16;3.70;;;0
RBRR11;Títulos e Val Mob;96.46;30787;1.00;1.04;3.42;6.95;12.93;1.14;1.16;1.08;9.08;-2.05;-1.03;2.38;1295152748.04;96.37;1.00;1.04;-0.19;0.85;2.20;;;0
RBRY11;Títulos e Val Mob;102.50;9349;1.20;1.15;3.87;7.52;13.90;1.29;1.25;1.16;9.69;2.37;3.55;7.10;553285484.45;99.73;1.03;1.20;-2.64;-1.47;0.79;;;0
IRDM11;Títulos e Val Mob;101.97;58311;1.27;1.23;3.75;7.28;13.99;1.25;1.21;1.17;9.40;1.35;2.60;3.06;3461431680.17;95.01;1.07;1.33;-0.32;1.00;2.89;;;0
IRIM11;Híbrido;102.33;1808;1.16;1.07;4.22;8.00;0.00;1.41;1.33;0.00;10.93;5.63;6.77;8.45;18939106.90;98.46;1.04;1.18;-1.92;-0.77;1.34;;;0
GAME11;Híbrido;9.68;49209;0.10;1.04;3.86;7.99;0.00;1.29;1.33;0.00;10.15;-2.43;-1.42;-2.79;200741512.26;9.74;0.99;1.03;0.88;1.92;-98.89;;;0
CPTS11;Títulos e Val Mob;90.92;57907;1.10;1.20;3.64;7.13;13.58;1.21;1.19;1.13;9.40;2.09;3.32;3.23;2899539421.26;91.23;1.00;1.21;-2.31;-1.13;0.61;;;0
VGIR11;Títulos e Val Mob;9.92;197549;0.13;1.30;3.77;7.46;12.83;1.26;1.24;1.07;9.73;-90.13;-90.00;-89.17;730770532.68;96.53;0.10;0.13;0.11;0.24;4.68;;;0
VGIP11;Outros;90.25;36012;1.00;1.10;3.61;8.26;16.45;1.20;1.38;1.37;10.71;-2.28;-1.20;0.26;178889243.95;91.53;0.99;1.09;0.20;1.29;7.43;;;0
VGIA11;Títulos e Val Mob;10.02;454858;0.17;1.67;4.91;9.04;0.00;1.64;1.51;0.00;11.61;-1.84;-0.19;7.56;337648972.94;9.56;1.05;1.78;0.51;2.30;5.41;;;0
MGHT11;Hotel;68.73;950;0.80;1.16;3.64;6.82;12.02;1.21;1.14;1.00;8.67;6.04;7.27;-14.77;113860987.10;86.67;0.79;0.90;-10.30;-9.49;-7.85;;;0
MCCI11;Títulos e Val Mob;97.17;28946;1.10;1.12;3.37;6.48;12.40;1.12;1.08;1.03;8.47;0.87;2.01;5.10;1369340938.72;93.83;1.04;1.17;-2.98;-1.85;1.22;;;0
BRLA11;Híbrido;150.00;334;1.09;0.73;1.52;3.69;7.02;0.51;0.61;0.59;5.01;8.70;9.49;14.26;379116262.56;157.99;0.95;0.69;-0.13;0.56;-10.38;;;0
MCHF11;Títulos e Val Mob;9.28;65436;0.11;1.13;3.66;7.01;0.00;1.22;1.17;0.00;9.17;2.21;3.36;5.12;312636898.43;9.68;0.96;1.24;-1.04;0.18;-2.08;;;0
TRNT11;Lajes Corporativas;109.63;1;0.28;0.25;0.97;2.07;4.23;0.32;0.35;0.35;2.77;-1.75;-1.51;6.79;79738659.97;202.52;0.54;0.14;0.02;0.16;0.81;49.90;;1
